연도,시도,면적_km2
2015,서울특별시,605.250733
2016,서울특별시,605.196265
2017,서울특별시,605.2428
2018,서울특별시,605.23897
2019,서울특별시,605.237005
2020,서울특별시,605.228563
2021,서울특별시,605.243985
2022,서울특별시,605.208165
2023,서울특별시,605.204048
2024,서울특별시,605.214169
2015,부산광역시,769.832899
2016,부산광역시,769.885002
2017,부산광역시,770.035669
2018,부산광역시,769.939359
2019,부산광역시,770.073413
2020,부산광역시,770.074767
2021,부산광역시,770.170758
2022,부산광역시,771.325967
2023,부산광역시,771.309562
2024,부산광역시,771.333255
2015,대구광역시,883.56268
2016,대구광역시,883.561378
2017,대구광역시,883.603108
2018,대구광역시,883.519271
2019,대구광역시,883.517309
2020,대구광역시,883.487489
2021,대구광역시,883.698232
2022,대구광역시,885.222225
2023,대구광역시,1499.473159
2024,대구광역시,1499.491761
2015,인천광역시,1048.981364
2016,인천광역시,1062.599731
2017,인천광역시,1063.115331
2018,인천광역시,1063.271304
2019,인천광역시,1063.257852
2020,인천광역시,1065.22594
2021,인천광역시,1066.4652
2022,인천광역시,1067.044894
2023,인천광역시,1067.094786
2024,인천광역시,1069.51206
2015,광주광역시,501.154498
2016,광주광역시,501.244363
2017,광주광역시,501.181188
2018,광주광역시,501.175533
2019,광주광역시,501.136261
2020,광주광역시,501.128395
2021,광주광역시,501.113189
2022,광주광역시,501.024311
2023,광주광역시,500.972265
2024,광주광역시,500.952998
2015,대전광역시,539.34897
2016,대전광역시,539.347564
2017,대전광역시,539.46418
2018,대전광역시,539.532358
2019,대전광역시,539.626515
2020,대전광역시,539.6635
2021,대전광역시,539.503599
2022,대전광역시,539.668552
2023,대전광역시,539.77948
2024,대전광역시,539.756123
2015,울산광역시,1060.956192
2016,울산광역시,1060.794253
2017,울산광역시,1061.177047
2018,울산광역시,1061.543887
2019,울산광역시,1062.038815
2020,울산광역시,1062.086169
2021,울산광역시,1062.327684
2022,울산광역시,1062.833514
2023,울산광역시,1062.827079
2024,울산광역시,1062.903944
2015,세종특별자치시,464.866065
2016,세종특별자치시,464.868526
2017,세종특별자치시,464.893067
2018,세종특별자치시,464.912495
2019,세종특별자치시,464.94968
2020,세종특별자치시,464.912366
2021,세종특별자치시,464.918351
2022,세종특별자치시,464.918224
2023,세종특별자치시,464.962321
2024,세종특별자치시,465.00855
2015,경기도,10175.339913
2016,경기도,10183.458408
2017,경기도,10186.590541
2018,경기도,10187.788177
2019,경기도,10192.514247
2020,경기도,10195.2687
2021,경기도,10196.731569
2022,경기도,10199.543692
2023,경기도,10199.727988
2024,경기도,10201.223613
2015,강원도,16826.410814
2016,강원도,16827.122799
2017,강원도,16827.800316
2018,강원도,16827.911967
2019,강원도,16828.280729
2020,강원도,16829.677669
2021,강원도,16829.671491
2022,강원도,16830.139353
2023,강원도,16830.843633
2024,강원도,16830.768262
2015,충청북도,7407.216956
2016,충청북도,7407.292772
2017,충청북도,7407.669369
2018,충청북도,7407.846536
2019,충청북도,7406.819938
2020,충청북도,7406.954883
2021,충청북도,7406.988731
2022,충청북도,7407.399477
2023,충청북도,7407.008382
2024,충청북도,7406.941479
2015,충청남도,8213.989028
2016,충청남도,8226.13927
2017,충청남도,8226.374004
2018,충청남도,8229.199361
2019,충청남도,8245.540722
2020,충청남도,8246.168302
2021,충청남도,8246.960469
2022,충청남도,8247.212532
2023,충청남도,8247.536067
2024,충청남도,8247.731577
2015,전라북도,8066.810103
2016,전라북도,8069.051355
2017,전라북도,8068.973527
2018,전라북도,8069.069523
2019,전라북도,8069.138982
2020,전라북도,8069.835802
2021,전라북도,8072.147404
2022,전라북도,8073.175719
2023,전라북도,8073.339465
2024,전라북도,8074.998314
2015,전라남도,12312.917414
2016,전라남도,12318.794317
2017,전라남도,12335.125149
2018,전라남도,12343.575975
2019,전라남도,12345.209476
2020,전라남도,12348.092694
2021,전라남도,12358.940267
2022,전라남도,12360.515289
2023,전라남도,12362.332427
2024,전라남도,12363.117048
2015,경상북도,19030.737826
2016,경상북도,19031.416974
2017,경상북도,19032.539806
2018,경상북도,19032.867581
2019,경상북도,19033.343126
2020,경상북도,19034.029515
2021,경상북도,19034.795189
2022,경상북도,19036.366878
2023,경상북도,18424.137423
2024,경상북도,18428.070885
2015,경상남도,10538.841145
2016,경상남도,10539.564384
2017,경상남도,10539.769824
2018,경상남도,10540.116576
2019,경상남도,10540.373561
2020,경상남도,10540.553233
2021,경상남도,10541.895077
2022,경상남도,10541.727568
2023,경상남도,10542.535041
2024,경상남도,10542.603702
2015,제주특별자치도,1849.134047
2016,제주특별자치도,1849.148846
2017,제주특별자치도,1850.159945
2018,제주특별자치도,1850.159471
2019,제주특별자치도,1850.22739
2020,제주특별자치도,1850.211287
2021,제주특별자치도,1850.278736
2022,제주특별자치도,1850.227684
2023,제주특별자치도,1850.273565
2024,제주특별자치도,1850.246799
