region,year,damage_1000krw,annual_rain_mm,max_daily_rain_mm,max_hourly_rain_mm,station_count,population,area_km2,sewer_total_km,sewer_storm_km,population_density_per_km2,damage_per_10k_people_1000krw,sewer_density_km_per_km2,heavy_rain_days_avg_80mm,stations_with_heavy_rain,station_count_validation,avg_observed_days
강원,2015,3792,893.9,205.0,56.5,13.0,1518040,16826.410814,7723.888,,90.21769507356568,24.979578930726465,0.459033604098952,1.0,9,13,133.1
경기,2015,494365,820.0,105.9,45.8,5.0,12479061,10175.339913,25765.81,,1226.4023714880295,396.1556081823784,2.532181747273292,0.2,1,5,116.0
경남,2015,85167,1237.4,274.5,41.0,14.0,3334524,10538.841145,12550.529,,316.4032889500395,255.4097676310022,1.1908832126153088,0.86,5,14,130.1
경북,2015,18403,822.1,118.5,36.5,14.0,2680294,19030.737826,12757.225,,140.84025666824925,68.66037830178331,0.6703484182610587,0.93,6,14,126.6
광주,2015,0,1047.1,56.6,33.0,1.0,1502881,501.154498,4252.388,,2998.8376957558507,0.0,8.485183744674282,0.0,0,1,158.0
대구,2015,0,548.5,81.5,63.5,2.0,2466052,883.56268,5809.392,,2791.032323818837,0.0,6.574963080151823,0.5,1,2,85.5
대전,2015,0,822.7,72.8,19.2,1.0,1538394,539.34897,3500.928,,2852.316562317714,0.0,6.491025652649341,0.0,0,1,152.0
부산,2015,1472,1396.7,83.0,28.5,1.0,3448737,769.832899,8515.566,,4479.851412533618,4.268229209707786,11.061577143639324,1.0,1,1,120.0
서울,2015,0,792.1,80.5,24.0,1.0,9904312,605.250733,10615.726,,16363.981834285529,0.0,17.539385615250467,1.0,1,1,128.0
울산,2015,0,1044.6,59.3,15.0,1.0,1166615,1060.956192,4128.722,,1099.5882853568378,0.0,3.891510348054031,0.0,0,1,143.0
인천,2015,4417,633.8,142.4,45.5,3.0,2890451,1048.981364,4928.364,,2755.483652233883,15.28135228723822,4.698237899295988,0.67,1,3,120.0
전남,2015,638002,1245.5,167.0,46.0,14.0,1799044,12312.917414,9786.361,,146.11029535164883,3546.3390556317686,0.7948044050772841,2.14,12,14,141.8
전북,2015,0,931.9,103.0,43.0,10.0,1834114,8066.810103,8571.55,,227.36546126428632,0.0,1.0625699490325538,0.1,1,10,143.4
제주,2015,6327,2108.4,219.0,75.0,4.0,605619,1849.134047,3953.991,,327.5149256932156,104.47162324827984,2.138293330553769,4.75,4,4,162.8
충남,2015,235836,713.0,89.5,40.0,6.0,2107802,8213.989028,7564.161,,256.6112509786518,1118.8716966773918,0.920887643532898,0.17,1,6,118.0
충북,2015,0,787.5,129.5,27.0,5.0,1589347,7407.216956,5868.485,,214.56736172856336,0.0,0.7922658448996022,0.2,1,5,137.4
강원,2016,21278791,1064.6,259.0,57.1,14.0,1521751,16827.122799,8763.986,,90.43441461605276,139830.96446133434,0.520824986225264,1.86,13,14,133.6
경기,2016,4379456,1016.1,176.5,44.4,5.0,12671956,10183.458408,26490.918,,1244.3666475865475,3456.022101086841,2.6013675255146187,1.6,4,5,111.0
경남,2016,3465973,1737.1,277.5,107.5,14.0,3339633,10539.564384,13227.692,,316.8663218253936,10378.305041302445,1.2550511119872103,3.29,14,14,137.2
경북,2016,6892192,1220.3,217.0,70.5,14.0,2682169,19031.416974,13188.097,,140.93375199882792,25696.337553673908,0.6929645342759857,2.0,14,14,133.3
광주,2016,1499,1482.3,129.5,37.9,1.0,1501557,501.244363,4339.459,,2995.658626489132,9.98297100942555,8.65737217278192,1.0,1,1,171.0
대구,2016,764517,1227.3,113.0,65.5,1.0,2461002,883.561378,5957.568,,2785.3209310377983,3106.527341302445,6.74267588912199,1.0,1,1,125.0
대전,2016,462127,1228.4,183.6,30.6,1.0,1535445,539.347564,3561.118,,2846.8562806005366,3009.7268218659738,6.60264037087595,2.0,1,1,158.0
부산,2016,2249,1760.2,118.8,36.5,1.0,3440484,769.885002,9161.139,,4468.828449784504,6.536870975130244,11.899360263157847,3.0,1,1,136.0
서울,2016,275481,991.7,108.5,32.0,1.0,9805506,605.196265,10682.218,,16202.191862502654,280.94521588177093,17.65083266004624,2.0,1,1,142.0
울산,2016,0,1693.9,266.0,98.3,1.0,1166033,1060.794253,4139.229,,1099.2075010798535,0.0,3.902009261733812,3.0,1,1,145.0
인천,2016,79711,899.9,106.9,39.7,3.0,2913024,1062.599731,5470.672,,2741.412325842194,273.6366058089463,5.14838451431906,1.67,2,3,122.7
전남,2016,0,1499.7,181.1,73.9,14.0,1796017,12318.794317,10281.943,,145.79486870086689,0.0,0.8346549780290482,1.93,14,14,151.1
전북,2016,263246,1254.4,144.0,47.9,10.0,1833168,8069.051355,8884.352,,227.18507038179584,1436.0167753310116,1.1010404580576625,1.3,10,10,147.9
제주,2016,17993,1792.5,277.3,115.4,4.0,623332,1849.148846,4040.087,,337.0913062776775,288.6583714617571,2.1848360172515826,2.75,3,4,184.5
충남,2016,3902018,989.4,158.5,102.7,6.0,2132566,8226.13927,7782.605,,259.24263254055023,18297.290681742088,0.9460823290923932,1.0,4,6,133.7
충북,2016,3056309,1080.3,202.5,46.5,5.0,1603404,7407.292772,6275.961,,216.46288993206275,19061.37816794769,0.8472678471308033,1.4,5,5,136.0
강원,2017,8563588,1100.3,153.0,56.5,14.0,1521386,16827.800316,9124.3952,,90.409083268801,56288.06890559004,0.542221504216713,1.64,12,14,133.1
경기,2017,3479511,1094.1,143.8,60.2,5.0,12851601,10186.590541,28639.89472,,1261.6194739813682,2707.4533359695806,2.811529000280056,2.2,4,5,122.0
경남,2017,4185023,875.8,308.0,70.9,14.0,3345293,10539.769824,14231.7614,,317.3971591279411,12510.183711860216,1.3502914805210455,1.07,8,14,112.1
경북,2017,1755688,863.4,133.6,57.2,14.0,2677058,19032.539806,13389.36702,,140.65689746546903,6558.274045612759,0.7034987004613544,0.57,6,14,124.8
광주,2017,2899,936.6,89.9,56.5,1.0,1496172,501.181188,4360.3136,,2985.2916187269184,19.37611451089848,8.700074353149901,2.0,1,1,154.0
대구,2017,0,663.7,64.5,41.5,1.0,2453041,883.603108,6003.837,,2776.1796872267228,0.0,6.7947214599430765,0.0,0,1,120.0
대전,2017,1450,1127.0,77.0,35.0,1.0,1525849,539.46418,3562.3175,,2828.4528548308804,9.502906250880658,6.603436580349041,0.0,0,1,153.0
부산,2017,1760502,1014.4,264.1,78.8,1.0,3416918,770.035669,9214.7736,,4437.350291107099,5152.309771554365,11.966684104343743,3.0,1,1,109.0
서울,2017,53890,1232.2,152.5,50.5,1.0,9741871,605.2428,10701.40265,,16095.806509387638,55.31791582951571,17.68117299371426,5.0,1,1,145.0
울산,2017,0,671.4,104.5,33.0,1.0,1157077,1061.177047,4378.7795,,1090.3713035172727,0.0,4.126342076827826,1.0,1,1,116.0
인천,2017,3079797,724.4,107.5,58.3,3.0,2925967,1063.115331,5079.07205,,2752.2573653864465,10525.740720930891,4.777536267135254,1.0,2,3,135.0
전남,2017,179280,865.7,165.2,101.2,14.0,1792319,12335.125149,11195.09737,,145.30205233834226,1000.268367405579,0.907578742393836,1.07,11,14,128.6
전북,2017,86684,949.3,145.5,66.0,10.0,1826174,8068.973527,9004.42834,,226.3204847418754,474.6754690407376,1.1159323190080903,0.9,7,10,142.9
제주,2017,237557,1220.9,228.7,66.8,4.0,641757,1850.159945,4206.167,,346.8656867933653,3701.665895346681,2.273407232367686,3.0,3,4,154.0
충남,2017,29573002,1009.4,232.8,64.0,6.0,2162426,8226.374004,7998.82727,,262.8650240006764,136758.44630059015,0.9723393643555036,1.33,6,6,147.2
충북,2017,69720004,1136.3,290.2,86.2,5.0,1611009,7407.669369,6837.56208,,217.47852391223532,432772.28122251335,0.9230382377234848,1.2,4,5,136.8
강원,2018,6986766,1450.0,383.8,79.0,14.0,1520391,16827.911967,9441.879,,90.3493554626105,45953.74479328015,0.5610844065809107,2.14,14,14,120.6
경기,2018,23200670,1355.1,314.5,58.1,5.0,13103188,10187.788177,30487.031,,1286.166120884003,17706.126173264092,2.992507350008284,2.4,5,5,110.2
경남,2018,4587902,1679.0,262.0,66.0,14.0,3350350,10540.116576,15232.945,,317.8665032632368,13693.799155312132,1.4452349639742732,3.14,14,14,120.0
경북,2018,1573453,1316.6,226.5,50.0,14.0,2672902,19032.867581,15306.876,,140.43611603058105,5886.684210644461,0.8042338304964851,1.86,14,14,125.7
광주,2018,33338,1427.9,108.5,52.4,1.0,1490092,501.175533,4371.574,,2973.1938250864296,223.73115217047,8.722640496498459,3.0,1,1,142.0
대구,2018,0,1297.6,127.5,24.0,1.0,2444412,883.519271,6030.164,,2766.6764950506667,0.0,6.825164088582738,3.0,1,1,117.0
대전,2018,3534454,1542.1,140.6,64.3,1.0,1511214,539.532358,3563.331,,2800.970094920609,23388.176657971668,6.604480615785421,2.0,1,1,129.0
부산,2018,0,1778.6,131.0,57.0,1.0,3395278,769.939359,9407.542,,4409.799239786624,0.0,12.218549279281616,4.0,1,1,119.0
서울,2018,3109718,1284.1,95.5,35.0,1.0,9673936,605.23897,10728.595,,15983.66344453993,3214.532326862613,17.726213168329195,3.0,1,1,124.0
울산,2018,1827,1416.1,136.4,39.3,1.0,1150116,1061.543887,4399.136,,1083.4370713115886,15.88535417297038,4.144092442972167,3.0,1,1,136.0
인천,2018,338654,1012.6,142.0,64.5,3.0,2936117,1063.271304,5649.831,,2761.3996436792763,1153.4077150195308,5.313630659216963,1.67,3,3,124.0
전남,2018,1449591,1472.9,304.5,54.0,14.0,1790352,12343.575975,11700.577,,145.04321953590116,8096.681546422156,0.9479082093955352,3.29,14,14,133.8
전북,2018,5203086,1435.9,207.7,61.3,10.0,1818157,8069.069523,9183.856,,225.32424523268045,28617.363627013507,1.1381555176619091,3.1,10,10,132.3
제주,2018,13752,1855.6,286.2,94.3,4.0,658282,1850.159471,4265.266,,355.7974381766144,208.9074287311517,2.305350466732821,4.5,4,4,163.0
충남,2018,2046693,1313.7,189.2,57.7,6.0,2181416,8229.199361,8239.567,,265.0824101234215,9382.405740124765,1.0012598599870035,2.83,6,6,134.0
충북,2018,10811178,1370.7,141.8,55.8,5.0,1620935,7407.846536,7090.608,,218.813253233949,66697.17169411482,0.9571753363871252,2.8,5,5,121.6
강원,2019,1187,1094.6,325.0,77.5,14.0,1520127,16828.280729,9588.22179,,90.3316877392223,7.808558100737636,0.5697683527157185,1.93,8,14,132.5
경기,2019,872205,1000.5,168.4,60.5,5.0,13300900,10192.514247,31425.43476,,1304.9675161273287,655.7488590997601,3.083187719776753,1.6,4,5,112.8
경남,2019,50970,1588.4,264.5,68.2,14.0,3347209,10540.373561,15468.45477,,317.56075632697394,152.2761201944665,1.467543316228771,4.79,14,14,121.1
경북,2019,84884,1147.1,293.6,90.2,14.0,2668154,19033.343126,15930.83869,,140.18315029245903,318.1375587765924,0.8369963481737527,1.86,13,14,124.3
광주,2019,548,1085.9,88.0,28.0,1.0,1489730,501.136261,4428.49764,,2972.7044637067283,3.6785189262483806,8.836913200340136,2.0,1,1,144.0
대구,2019,0,995.7,103.5,24.0,1.0,2429940,883.517309,6082.621,,2750.3026542290413,0.0,6.884552162180674,1.0,1,1,109.0
대전,2019,6045,984.2,71.0,25.7,1.0,1498839,539.626515,3565.0919,,2777.548838570321,40.331216361463774,6.606591412580976,0.0,0,1,132.0
부산,2019,0,1623.2,173.2,27.7,1.0,3372692,770.073413,9608.9745,,4379.701912913594,0.0,12.477997990563011,5.0,1,1,115.0
서울,2019,74677,891.3,62.6,20.4,1.0,9639541,605.237005,10723.66965,,15926.88636082323,77.46945627390349,17.71813283293873,0.0,0,1,139.0
세종,2019,3200,959.1,78.6,37.4,1.0,338136,464.94968,1165.0116,,727.2528932593308,94.6364776303026,2.505672441800584,0.0,0,1,71.0
울산,2019,0,1450.1,174.8,27.6,1.0,1143692,1062.038815,4589.51328,,1076.883428220088,0.0,4.32141764988128,5.0,1,1,126.0
인천,2019,3253,864.7,215.0,43.0,3.0,2952237,1063.257852,5670.05323,,2776.595530845889,11.01876306001178,5.332717006824419,1.67,3,3,118.7
전남,2019,25248,1401.6,224.9,54.5,14.0,1787543,12345.209476,12158.20716,,144.79648996439596,141.2441546860691,0.9848522362975252,3.93,14,14,125.6
전북,2019,765576,1148.0,131.6,66.4,10.0,1807423,8069.138982,9602.15861,,223.99205219191995,4235.732310588059,1.189985527752061,1.4,8,10,134.6
제주,2019,4267,2102.0,260.8,61.8,4.0,665048,1850.22739,4350.052,,359.44122522151184,64.16078237961771,2.351090478668138,7.25,4,4,151.8
충남,2019,58746,913.1,133.6,57.5,6.0,2188649,8245.540722,8409.785679999999,,265.43426001892715,268.4121574542104,1.019919246479709,0.67,4,6,127.0
충북,2019,6001,941.1,144.0,55.5,5.0,1629343,7406.819938,7326.59509,,219.97875115618885,36.83079621663455,0.9891687865141132,0.6,3,5,119.8
강원,2020,142579545,1575.2,251.0,69.8,14.0,1521763,16829.677669,9891.58075,,90.42139902673615,936936.5991944867,0.5877462982086777,3.21,13,14,146.4
경기,2020,133651901,1585.2,160.1,42.6,5.0,13511676,10195.2687,32537.90905,,1325.2888567811851,98915.8569225609,3.19147145675523,4.0,5,5,136.4
경남,2020,97351449,1886.6,218.6,55.9,14.0,3333056,10540.553233,15858.358789999998,,316.2126243587465,292078.64794350887,1.504509150463867,5.14,14,14,119.6
경북,2020,24096694,1364.2,193.9,48.5,14.0,2644757,19034.029515,16268.99135,,138.94887563958892,91111.183371478,0.8547318547120579,2.57,13,14,130.1
광주,2020,46953318,2026.4,277.5,81.5,1.0,1477573,501.128395,4453.63824,,2948.4918730258737,317773.25384261896,8.88721989102214,4.0,1,1,150.0
대구,2020,983893,1244.9,168.4,27.8,1.0,2410700,883.487489,6139.3935,,2728.618152509005,4081.358111751773,6.949044074126102,2.0,1,1,118.0
대전,2020,8388475,1614.0,141.3,46.0,1.0,1488435,539.6635,3599.6369,,2758.079803433065,56357.68441349471,6.670150751347831,2.0,1,1,152.0
부산,2020,21377355,2281.6,208.7,70.4,1.0,3349016,770.074767,9898.53063,,4348.94914560939,63831.74938549114,12.853986462330097,9.0,1,1,116.0
서울,2020,776640,1651.1,106.8,42.1,1.0,9586195,605.228563,10798.47678,,15838.966608719027,810.1650341976144,17.841981426775455,5.0,1,1,149.0
세종,2020,1440558,1685.8,127.5,47.1,1.0,353933,464.912366,1578.52867,,761.289709381488,40701.43219196853,3.3953251955444865,2.0,1,1,119.0
울산,2020,6634584,1557.9,119.3,29.0,1.0,1135423,1062.086169,3866.41867,,1069.0497938308056,58432.707457925375,3.640400169828405,4.0,1,1,133.0
인천,2020,256801,1334.5,133.3,32.5,3.0,2945454,1065.22594,5695.55988,,2765.09789087562,871.8554083682856,5.346809222464109,2.33,3,3,146.3
전남,2020,255863893,1618.4,191.7,53.7,13.0,1788807,12348.092694,12041.1411,,144.86504469384087,1430360.530789515,0.9751417808720249,4.31,12,13,138.8
전북,2020,159817219,1821.0,391.2,72.6,10.0,1802766,8069.835802,9957.49991,,223.3956234342722,886511.1667293482,1.233916049138468,3.8,10,10,148.9
제주,2020,1947,1703.5,253.0,54.1,4.0,670858,1850.211287,4378.22505,,362.5845354601385,29.02253532044039,2.3663378776047863,2.75,4,4,159.2
충남,2020,106559288,1537.4,182.9,54.8,6.0,2176636,8246.168302,8704.03534,,263.95726115268417,489559.52212496713,1.0555248233156909,2.83,6,6,145.2
충북,2020,297396814,1535.9,264.4,48.6,5.0,1632088,7406.954883,7430.75254,,220.34534107206065,1822186.144374568,1.0032128799723918,2.6,5,5,139.2
강원,2021,492373,1129.9,136.5,58.3,14.0,1521890,16829.671491,10106.34874,3348.5061600000004,90.42897841552409,3235.273245766777,0.6005077844451432,0.64,5,14,148.8
경기,2021,93156,1051.5,100.4,39.4,5.0,13652529,10196.731569,33121.09742,11633.26758,1338.9122688593943,68.23351190098187,3.248207251105288,0.4,2,5,148.0
경남,2021,3947287,1478.6,280.5,68.3,14.0,3305931,10541.895077,16193.87219,6069.24042,313.59930789036065,11940.016291931075,1.5361443148235576,2.79,11,14,127.7
경북,2021,323259,1189.1,135.1,71.4,14.0,2635314,19034.795189,17039.13735,5289.3015,138.44719493083485,1226.64320077228,0.8951573778869305,0.93,9,14,141.8
광주,2021,168105,1303.8,121.7,55.2,1.0,1475262,501.113189,4466.41824,1295.32841,2943.969610825789,1139.4925104828835,8.912992788940544,1.0,1,1,163.0
대구,2021,39178,910.0,73.1,19.5,1.0,2387911,883.698232,6179.4287,1397.0952,2702.179220836101,164.06809131496107,6.992691029849204,0.0,0,1,134.0
대전,2021,0,1109.5,53.4,29.7,1.0,1479740,539.503599,3603.7169,1123.3,2742.7805907926854,0.0,6.679690194244654,0.0,0,1,167.0
부산,2021,712235,1807.8,145.3,67.1,1.0,3324335,770.170758,10149.832,1794.719,4316.360969913636,2142.488648105561,13.178677448566544,6.0,1,1,124.0
서울,2021,0,1186.5,73.0,64.7,1.0,9472127,605.243985,10827.52064,560.181531,15650.096877873146,0.0,17.889513829699606,0.0,0,1,162.0
세종,2021,0,1104.5,63.8,37.2,1.0,366227,464.918351,1686.08367,885.1088599999999,787.7232619712187,0.0,3.626623183131784,0.0,0,1,127.0
울산,2021,29104,1337.0,122.5,48.1,1.0,1120753,1062.327684,4691.98713,2433.22884,1054.9974521797362,259.68255271232823,4.416704187104663,2.0,1,1,147.0
인천,2021,24626,1068.4,131.6,37.4,3.0,2957044,1066.4652,5698.612480000001,1736.70299,2772.752453619677,83.27911251912381,5.343458445713934,0.67,1,3,151.0
전남,2021,34112225,1393.4,332.6,68.9,13.0,1778124,12358.940267,12133.97612,3303.43729,143.87350060650633,191843.9040246912,0.9817974565666698,2.46,13,13,147.3
전북,2021,1116986,1274.2,111.5,45.5,10.0,1787053,8072.147404,10528.82305,3035.25912,221.38508014787485,6250.435773309465,1.3043397900269562,0.7,4,10,161.7
제주,2021,4478,1809.5,216.0,74.6,4.0,673107,1850.278736,4422.579360000001,1655.21839,363.7868105511212,66.52731289378954,2.3902233074141543,4.0,4,4,161.0
충남,2021,3832882,1171.7,147.4,62.6,6.0,2175960,8246.960469,8925.65046,2973.01549,263.84993697730795,17614.671225574,1.0822957735217926,1.17,5,6,159.5
충북,2021,602567,1151.2,111.6,41.6,5.0,1624764,7406.988731,7621.5103,2610.42651,219.3555382634752,3708.643224492911,1.0289620487880826,0.2,1,5,156.8
강원,2022,36979046,1465.3,166.2,42.9,14.0,1528037,16830.139353,10283.26595,3318.7082400000004,90.79170219274656,242003.6033158883,0.611003018710418,3.64,14,14,137.4
경기,2022,163460900,1844.4,317.7,82.9,5.0,13717827,10199.543692,33135.345420000005,12126.1715,1344.9451675725024,119159.47037384276,3.248708610953809,6.4,5,5,133.6
경남,2022,0,948.0,210.1,68.4,14.0,3280829,10541.727568,16316.44815,6075.20553,311.2230873769816,0.0,1.5477964161708642,1.93,13,14,104.4
경북,2022,1281330,886.7,358.7,77.0,14.0,2620373,19036.366878,17360.24864,5407.88486,137.6508982408991,4889.876364929725,0.9119517789953364,0.86,9,14,118.1
광주,2022,0,769.9,58.8,27.4,1.0,1468972,501.024311,4472.61523,1300.21751,2931.9375681951688,0.0,8.926942529142064,0.0,0,1,130.0
대구,2022,0,581.0,96.7,19.6,1.0,2366852,885.222225,6208.7788,1157.8515,2673.737659489966,0.0,7.0138080864384085,1.0,1,1,105.0
대전,2022,2585143,1203.1,192.7,61.1,1.0,1473662,539.668552,3645.7259,1129.882,2730.679774722171,17542.306173328754,6.755490729428311,2.0,1,1,151.0
부산,2022,0,991.9,106.2,45.9,1.0,3295760,771.325967,10166.4836,1799.47916,4272.849795033544,0.0,13.180528122943382,2.0,1,1,106.0
서울,2022,71900913,1775.1,178.9,40.7,1.0,9417469,605.208165,10837.50085,605.96119,15560.710421016876,76348.44670048822,17.907063183789003,6.0,1,1,145.0
세종,2022,385199,1222.4,139.3,49.7,1.0,382589,464.918224,1686.08367,885.1088599999999,822.9167630993961,10068.21942084064,3.62662417380309,1.0,1,1,107.0
울산,2022,0,926.1,132.4,29.1,1.0,1110516,1062.833514,4565.78048,2615.46735,1044.8635514141306,0.0,4.295856707431603,1.0,1,1,110.0
인천,2022,1696712,1401.1,207.5,83.2,3.0,2989125,1067.044894,5725.46338,1740.84299,2801.311375751731,5676.28319324217,5.365719298404702,4.33,3,3,137.7
전남,2022,4131,896.6,168.2,70.6,13.0,1771431,12360.515289,12245.17397,3294.05075,143.3136854396718,23.32012931917755,0.990668567102324,2.0,11,13,129.9
전북,2022,209617,911.0,116.2,50.2,10.0,1774248,8073.175719,10723.52733,3131.59515,219.7707645362352,1181.4413768537431,1.3282910843576057,0.8,4,10,142.7
제주,2022,30824,1362.4,212.5,90.6,4.0,676375,1850.227684,4485.81523,1661.64619,365.5631173660463,455.7235261504343,2.4244666041868608,4.25,4,4,146.2
충남,2022,63441638,1273.1,175.2,92.2,6.0,2193214,8247.212532,9113.05866,2931.85669,265.9339736292854,289263.32770080806,1.1049865181284504,3.33,5,6,136.5
충북,2022,1516333,1229.6,212.0,50.0,5.0,1624993,7407.399477,7646.82484,2610.88651,219.3742898632116,9331.32019645623,1.0323224586095858,2.2,5,5,137.8
강원,2023,7074619,1439.6,389.2,88.7,14.0,1528014,16830.843633,10469.20305,3405.76009,90.7865365111018,46299.4383559313,0.6220248537912372,1.5,10,14,134.4
경기,2023,6926546,1483.1,120.9,44.7,5.0,13815367,10199.727988,33914.03187,12511.29343,1354.4838662613165,5013.653274646993,3.3249937557060267,1.8,4,5,128.6
경남,2023,18356420,2061.7,273.5,76.0,14.0,3271148,10542.535041,16479.40765,5950.50853,310.2809701156772,56116.14026635298,1.5631352028626375,5.43,14,14,129.1
경북,2023,297898212,1539.7,180.8,46.0,14.0,2589880,18424.137423,17486.28384,5545.653679999999,140.56994585629238,1150239.4396651585,0.949096472661498,3.21,14,14,128.5
광주,2023,1628234,2115.2,176.5,45.6,1.0,1457090,500.972265,4569.56084,735.22879,2908.5242872676795,11174.56025365626,9.121384873471987,6.0,1,1,162.0
대구,2023,83080,1320.6,101.0,32.3,1.0,2379188,1499.473159,6525.160900000001,1335.6223,1586.6826196386755,349.19476729035284,4.351635680062214,2.0,1,1,126.0
대전,2023,1138109,2040.7,198.7,34.7,1.0,1470336,539.77948,3661.36737,1138.69747,2723.956827703046,7740.468845216332,6.783079953317232,6.0,1,1,139.0
부산,2023,221414,2083.7,258.0,68.0,2.0,3279604,771.309562,10187.6293,1817.75586,4251.9944800062,675.1241918231592,13.2082237818802,5.0,2,2,121.5
서울,2023,1187361,1594.1,85.2,34.7,1.0,9384512,605.204048,10865.91218,616.56502,15506.36026148986,1265.2346760279063,17.95413004243488,3.0,1,1,148.0
세종,2023,24621572,2101.7,303.1,40.1,1.0,386261,464.962321,1680.19157,878.73976,830.7361318423908,637433.5488180271,3.613608015347119,6.0,1,1,117.0
울산,2023,152937,1642.8,151.9,38.8,1.0,1107432,1062.827079,4741.06223,2422.29464,1041.9681826717929,1381.005786359795,4.460803007071295,3.0,1,1,131.0
인천,2023,269324,1211.1,93.7,30.7,3.0,3025950,1067.094786,5751.66934,1775.03774,2835.6899871498385,890.0477535980436,5.39002665504543,1.33,3,3,123.7
전남,2023,33124917,1785.6,198.3,54.1,13.0,1776668,12362.332427,12534.15927,3242.42875,143.71624533568288,186444.0458206035,1.0138992252485235,3.08,13,13,152.3
전북,2023,65542257,1883.5,372.9,62.0,10.0,1768491,8073.339465,11036.70275,3164.85919,219.0532192616033,370611.1990391808,1.367055454294588,4.5,10,10,157.4
제주,2023,3201263,1791.0,297.5,57.7,4.0,676767,1850.273565,5359.13003,2110.0562,365.7659131070167,47302.291630649845,2.896398744150031,3.5,4,4,170.8
충남,2023,181958116,1714.9,257.9,68.9,6.0,2216332,8247.536067,9512.15915,2587.2978700000003,268.7265605139912,820987.6318168939,1.1533334407666314,4.17,6,6,142.2
충북,2023,144222908,1716.3,261.3,42.3,6.0,1641481,7407.008382,7722.02604,2629.09321,221.6118728836616,878614.543817443,1.0425296748368118,3.67,6,6,128.7
강원,2024,1993309,1298.7,179.9,69.9,14.0,1522881,16830.768262,10608.03037,3323.61457,90.48196590278737,13089.066053092787,0.6302760637463287,1.57,13,14,143.0
경기,2024,25019549,1415.0,362.0,100.9,5.0,13914479,10201.223613,34456.39964,12855.97645,1364.000979477402,17980.945603496904,3.377673203446913,2.2,5,5,135.4
경남,2024,16914779,1684.0,414.4,80.3,14.0,3264243,10542.603702,16613.9544,5947.41143,309.6239877992143,51818.38178101324,1.5758872162526818,2.93,13,14,135.6
경북,2024,35904755,1188.8,236.9,70.4,14.0,2578999,18428.070885,16694.76617,5470.3979500000005,139.94948337751632,139219.73215189303,0.905942150656102,1.79,12,14,142.1
광주,2024,56473,1291.0,76.4,32.3,1.0,1444171,500.952998,4615.028969999999,761.3901999999999,2882.847304568881,391.04095013679125,9.21249895384397,0.0,0,1,176.0
대구,2024,1877162,1156.4,191.2,44.4,1.0,2369335,1499.491761,6972.69275,1588.4725,1580.0920429332054,7922.737814618869,4.650037386900988,2.0,1,1,142.0
대전,2024,15899750,1360.5,137.3,44.1,1.0,1467093,539.756123,3675.78099,1148.40769,2718.066433125021,108375.88346478376,6.810077428246238,3.0,1,1,167.0
부산,2024,2290816,1780.4,386.6,83.1,2.0,3257256,771.333255,10321.927,1825.29986,4222.8906622209615,7032.962714628509,13.381929189608194,2.0,2,2,138.5
서울,2024,218700,1311.4,136.5,39.0,1.0,9335444,605.214169,10883.94979,619.6342099999999,15425.02551687616,234.26845043470885,17.98363347636694,2.0,1,1,159.0
세종,2024,1603184,1462.8,131.6,48.6,1.0,390156,465.00855,1680.19157,878.73976,839.0297339694076,41090.84571299685,3.613248767146324,3.0,1,1,154.0
울산,2024,6326,1298.0,162.2,30.8,1.0,1106895,1062.903944,4753.90885,2380.7539,1041.3876119740885,57.15085893422592,4.472566760933949,1.0,1,1,157.0
인천,2024,502939,1086.1,219.1,60.9,3.0,3058033,1069.51206,5757.94221,1794.58474,2859.278650864395,1644.6487006516936,5.383709474019396,1.33,2,3,136.3
전남,2024,35420127,1665.3,291.3,105.8,13.0,1778338,12363.117048,12700.04407,3217.95221,143.84220363647566,199175.44921156723,1.0272525950123963,3.92,12,13,155.1
전북,2024,64981326,1340.0,215.8,96.0,10.0,1758836,8074.998314,11128.49795,3161.54739,217.8125532175808,369456.42458989925,1.3781424487366152,1.7,9,10,165.0
제주,2024,0,1931.5,223.0,67.5,4.0,674817,1850.246799,5478.36016,2076.47974,364.7172908850416,0.0,2.960880766263658,4.0,4,4,190.0
충남,2024,190611845,1559.1,196.4,74.2,6.0,2238243,8247.731577,9547.35215,2042.97087,271.3767996817048,851613.7211196461,1.1575730927791323,4.0,6,6,151.7
충북,2024,30646385,1402.4,159.2,54.9,6.0,1646328,7406.941479,7828.66504,2638.24321,222.26826074806087,186149.93488539345,1.0569362620449565,2.67,6,6,151.8
