연도,시도,인구수
2015,강원도,1518040
2015,경기도,12479061
2015,경상남도,3334524
2015,경상북도,2680294
2015,광주광역시,1502881
2015,대구광역시,2466052
2015,대전광역시,1538394
2015,부산광역시,3448737
2015,서울특별시,9904312
2015,세종특별자치시,204088
2015,울산광역시,1166615
2015,인천광역시,2890451
2015,전라남도,1799044
2015,전라북도,1834114
2015,제주특별자치도,605619
2015,충청남도,2107802
2015,충청북도,1589347
2016,강원도,1521751
2016,경기도,12671956
2016,경상남도,3339633
2016,경상북도,2682169
2016,광주광역시,1501557
2016,대구광역시,2461002
2016,대전광역시,1535445
2016,부산광역시,3440484
2016,서울특별시,9805506
2016,세종특별자치시,242507
2016,울산광역시,1166033
2016,인천광역시,2913024
2016,전라남도,1796017
2016,전라북도,1833168
2016,제주특별자치도,623332
2016,충청남도,2132566
2016,충청북도,1603404
2017,강원도,1521386
2017,경기도,12851601
2017,경상남도,3345293
2017,경상북도,2677058
2017,광주광역시,1496172
2017,대구광역시,2453041
2017,대전광역시,1525849
2017,부산광역시,3416918
2017,서울특별시,9741871
2017,세종특별자치시,276589
2017,울산광역시,1157077
2017,인천광역시,2925967
2017,전라남도,1792319
2017,전라북도,1826174
2017,제주특별자치도,641757
2017,충청남도,2162426
2017,충청북도,1611009
2018,강원도,1520391
2018,경기도,13103188
2018,경상남도,3350350
2018,경상북도,2672902
2018,광주광역시,1490092
2018,대구광역시,2444412
2018,대전광역시,1511214
2018,부산광역시,3395278
2018,서울특별시,9673936
2018,세종특별자치시,312374
2018,울산광역시,1150116
2018,인천광역시,2936117
2018,전라남도,1790352
2018,전라북도,1818157
2018,제주특별자치도,658282
2018,충청남도,2181416
2018,충청북도,1620935
2019,강원도,1520127
2019,경기도,13300900
2019,경상남도,3347209
2019,경상북도,2668154
2019,광주광역시,1489730
2019,대구광역시,2429940
2019,대전광역시,1498839
2019,부산광역시,3372692
2019,서울특별시,9639541
2019,세종특별자치시,338136
2019,울산광역시,1143692
2019,인천광역시,2952237
2019,전라남도,1787543
2019,전라북도,1807423
2019,제주특별자치도,665048
2019,충청남도,2188649
2019,충청북도,1629343
2020,강원도,1521763
2020,경기도,13511676
2020,경상남도,3333056
2020,경상북도,2644757
2020,광주광역시,1477573
2020,대구광역시,2410700
2020,대전광역시,1488435
2020,부산광역시,3349016
2020,서울특별시,9586195
2020,세종특별자치시,353933
2020,울산광역시,1135423
2020,인천광역시,2945454
2020,전라남도,1788807
2020,전라북도,1802766
2020,제주특별자치도,670858
2020,충청남도,2176636
2020,충청북도,1632088
2021,강원도,1521890
2021,경기도,13652529
2021,경상남도,3305931
2021,경상북도,2635314
2021,광주광역시,1475262
2021,대구광역시,2387911
2021,대전광역시,1479740
2021,부산광역시,3324335
2021,서울특별시,9472127
2021,세종특별자치시,366227
2021,울산광역시,1120753
2021,인천광역시,2957044
2021,전라남도,1778124
2021,전라북도,1787053
2021,제주특별자치도,673107
2021,충청남도,2175960
2021,충청북도,1624764
2022,강원도,1528037
2022,경기도,13717827
2022,경상남도,3280829
2022,경상북도,2620373
2022,광주광역시,1468972
2022,대구광역시,2366852
2022,대전광역시,1473662
2022,부산광역시,3295760
2022,서울특별시,9417469
2022,세종특별자치시,382589
2022,울산광역시,1110516
2022,인천광역시,2989125
2022,전라남도,1771431
2022,전라북도,1774248
2022,제주특별자치도,676375
2022,충청남도,2193214
2022,충청북도,1624993
2023,강원도,1528014
2023,경기도,13815367
2023,경상남도,3271148
2023,경상북도,2589880
2023,광주광역시,1457090
2023,대구광역시,2379188
2023,대전광역시,1470336
2023,부산광역시,3279604
2023,서울특별시,9384512
2023,세종특별자치시,386261
2023,울산광역시,1107432
2023,인천광역시,3025950
2023,전라남도,1776668
2023,전라북도,1768491
2023,제주특별자치도,676767
2023,충청남도,2216332
2023,충청북도,1641481
2024,강원도,1522881
2024,경기도,13914479
2024,경상남도,3264243
2024,경상북도,2578999
2024,광주광역시,1444171
2024,대구광역시,2369335
2024,대전광역시,1467093
2024,부산광역시,3257256
2024,서울특별시,9335444
2024,세종특별자치시,390156
2024,울산광역시,1106895
2024,인천광역시,3058033
2024,전라남도,1778338
2024,전라북도,1758836
2024,제주특별자치도,674817
2024,충청남도,2238243
2024,충청북도,1646328
